station_id,As-tot,Cu-tot,Pb-tot,Hg-tot,Cr-tot,Fe-tot,Mn-tot,U-tot,Mn-tot.1,Fe-tot.1,Zn-tot,distance_km_mrds,percentage_Manufacturing,percentage_Administrative,percentage_Wholesale Trade
USA00001,0.0,0.0,0.0,0.0,0.0,0.0,0.0,0.0,0.0,0.0,0.0,13.305191154190164,80.0,0.0,20.0
USA00002,0.0,0.0,0.0,0.0,0.0,0.0,0.0,0.0,0.0,0.0,0.0,1.9861444302635782,50.0,50.0,0.0
USA00003,0.0,0.0,0.0,0.0,0.0,0.0,0.0,0.0,0.0,0.0,0.0,52.22870046001856,0.0,0.0,0.0
USA00004,0.0,0.0,0.0,0.0,0.0,0.0,0.0,0.0,0.0,0.0,0.0,1.9032908389638212,80.0,20.0,0.0
USA00005,0.0,0.2,0.0,0.0,0.0,0.4,0.0,0.0,0.0,0.4,0.0,4.378856015125621,60.0,40.0,0.0
USA00006,0.0,0.2,0.0,0.0,0.0,0.0,0.2,0.0,0.2,0.0,0.0,5.406472434782268,0.0,0.0,0.0
USA00007,0.0,0.0,0.0,0.0,0.0,0.0,0.0,0.0,0.0,0.0,0.0,2.1665976657936374,0.0,0.0,0.0
USA00008,0.0,0.0,0.0,0.0,0.0,0.0,0.0,0.0,0.0,0.0,0.0,3.9425202645703825,20.0,80.0,0.0
USA00009,0.0,0.0,0.0,0.0,0.0,0.0,0.0,0.0,0.0,0.0,0.0,10.911362071567849,0.0,0.0,0.0
USA00010,0.0,0.0,0.0,0.0,0.2,0.0,0.4,0.0,0.4,0.0,0.0,5.275711705766802,50.0,50.0,0.0
USA00011,0.0,0.0,0.0,0.0,0.0,0.0,0.0,0.0,0.0,0.0,0.0,7.589033555456291,100.0,0.0,0.0
USA00012,0.0,0.0,0.0,0.0,0.0,0.0,0.0,0.0,0.0,0.0,0.0,7.067979132091416,100.0,0.0,0.0
USA00013,0.0,0.0,0.0,0.0,0.0,0.0,0.0,0.0,0.0,0.0,0.0,77.9122715719318,0.0,0.0,0.0
USA00014,0.0,0.0,0.0,0.0,0.0,0.0,0.0,0.0,0.0,0.0,0.0,0.9635230606709826,100.0,0.0,0.0
USA00015,0.0,0.0,0.0,0.0,0.0,0.0,0.0,0.0,0.0,0.0,0.0,9.296497080344334,100.0,0.0,0.0
USA00016,0.0,0.0,0.0,0.0,0.0,0.0,0.0,0.0,0.0,0.0,0.0,5.225949050495527,0.0,0.0,0.0
USA00017,0.0,0.0,0.0,0.0,0.0,0.0,0.0,0.0,0.0,0.0,0.0,2.1181044619050575,100.0,0.0,0.0
USA00018,0.0,0.0,0.0,0.0,0.0,0.0,0.0,0.0,0.0,0.0,0.0,4.401603373976521,50.0,50.0,0.0
USA00019,0.0,0.0,0.0,0.0,0.0,0.0,0.0,0.0,0.0,0.0,0.0,12.412078314436679,100.0,0.0,0.0
USA00020,0.0,0.0,0.0,0.0,0.2,0.2,0.2,0.0,0.2,0.2,0.0,18.16858386599251,0.0,0.0,0.0
USA00021,0.0,0.0,0.0,0.0,0.0,0.2,0.0,0.0,0.0,0.2,0.0,12.944715074769537,0.0,0.0,0.0
USA00022,0.0,0.0,0.0,0.0,0.0,0.0,0.0,0.0,0.0,0.0,0.0,3.3575983745554465,0.0,0.0,0.0
USA00024,0.0,0.0,0.0,0.0,0.0,0.0,0.0,0.0,0.0,0.0,0.0,2.6557848780288067,100.0,0.0,0.0
USA00028,0.0,0.0,0.0,0.0,0.0,0.2,0.0,0.0,0.0,0.2,0.0,5.626614458620739,100.0,0.0,0.0
USA00033,0.0,1.0,0.2,0.0,0.0,0.0,0.0,0.0,0.0,0.0,0.0,7.687217090414871,0.0,0.0,0.0
USA00034,0.0,0.0,0.0,0.0,0.0,0.0,0.0,0.0,0.0,0.0,0.0,6.018450222888068,0.0,0.0,0.0
USA00035,0.0,0.0,0.0,0.0,0.0,0.0,0.0,0.0,0.0,0.0,0.0,8.23291291263142,100.0,0.0,0.0
USA00042,0.0,0.0,0.0,0.0,0.0,0.2,0.0,0.0,0.0,0.2,0.0,3.253749378716493,0.0,100.0,0.0
USA00043,0.0,0.0,0.0,0.0,0.0,0.0,0.0,0.0,0.0,0.0,0.0,5.497621391048137,60.0,40.0,0.0
USA00044,0.0,0.0,0.0,0.0,0.0,0.0,0.0,0.0,0.0,0.0,0.0,2.1262278494231523,100.0,0.0,0.0
USA00045,0.0,0.0,0.2,0.0,0.0,0.0,0.0,0.0,0.0,0.0,0.0,7.964374354982761,80.0,20.0,0.0
USA00046,0.0,0.0,0.0,0.0,0.0,0.0,0.0,0.0,0.0,0.0,0.0,9.405680603637663,0.0,0.0,0.0
USA00048,0.0,0.0,0.0,0.0,0.0,0.0,0.0,0.0,0.0,0.0,0.0,1.657357802555533,80.0,20.0,0.0
USA00051,0.0,0.0,0.0,0.0,0.0,0.0,0.0,0.0,0.0,0.0,0.0,10.47932094060493,0.0,100.0,0.0
USA00052,0.0,0.0,0.0,0.0,0.0,0.0,0.0,0.0,0.0,0.0,0.0,2.0643893148904726,60.0,40.0,0.0
USA00054,0.0,0.0,0.0,0.0,0.0,0.0,0.0,0.0,0.0,0.0,0.0,4.639034048022706,100.0,0.0,0.0
USA00055,0.0,0.2,0.0,0.0,0.0,0.0,0.0,0.0,0.0,0.0,0.0,5.892277619791784,100.0,0.0,0.0
USA00056,0.0,0.2,0.0,0.0,0.0,0.0,0.0,0.0,0.0,0.0,0.0,4.198701823717373,100.0,0.0,0.0
USA00060,0.0,0.4,0.0,0.0,0.0,0.0,0.0,0.0,0.0,0.0,0.0,3.62580552722972,80.0,0.0,20.0
USA00063,0.0,0.0,0.2,0.0,0.0,0.0,0.0,0.0,0.0,0.0,0.2,4.1514225916135095,80.0,20.0,0.0
USA00065,0.0,0.0,0.0,0.0,0.0,1.0,0.0,0.0,0.0,1.0,0.0,1.3509262982158359,0.0,100.0,0.0
USA00070,0.0,0.2,0.0,0.0,0.0,0.0,0.0,0.0,0.0,0.0,0.0,5.840683175064294,60.0,0.0,40.0
USA00083,0.0,0.0,0.0,0.0,0.0,0.2,0.0,0.0,0.0,0.2,0.0,16.57081403416326,0.0,0.0,0.0
USA00084,0.0,0.0,0.0,0.0,0.0,0.6,0.0,0.0,0.0,0.6,0.0,7.572315412731804,0.0,100.0,0.0
USA00086,0.0,0.0,0.0,0.0,0.0,0.0,0.0,0.0,0.0,0.0,0.0,1.2936013524546746,100.0,0.0,0.0
USA00090,0.0,0.0,0.0,0.0,0.0,0.0,0.0,0.0,0.0,0.0,0.0,4.900849527023279,40.0,60.0,0.0
USA00091,0.0,0.0,0.0,0.0,0.0,0.0,0.0,0.0,0.0,0.0,0.0,26.095527085863672,0.0,100.0,0.0
USA00092,0.0,0.0,0.0,0.0,0.0,0.0,0.0,0.0,0.0,0.0,0.0,23.885419357267526,0.0,0.0,0.0
USA00094,0.0,0.0,0.0,0.0,0.0,0.0,0.0,0.0,0.0,0.0,0.0,3.419622332108264,100.0,0.0,0.0
USA00101,0.0,0.0,0.0,0.0,0.0,0.0,0.0,0.0,0.0,0.0,0.0,1.8404679546666478,0.0,0.0,0.0
USA00102,0.0,0.0,0.0,0.0,0.0,0.0,0.0,0.0,0.0,0.0,0.0,7.138203965845463,0.0,0.0,0.0
USA00105,0.0,0.2,0.0,0.0,0.0,0.0,0.0,0.0,0.0,0.0,0.0,3.003725999103699,100.0,0.0,0.0
USA00106,0.0,0.0,0.0,0.0,0.0,0.2,0.0,0.0,0.0,0.2,0.0,7.315134994926905,100.0,0.0,0.0
USA00109,0.0,0.0,0.0,0.0,0.0,0.0,0.0,0.0,0.0,0.0,0.0,3.820875034521869,100.0,0.0,0.0
USA00110,0.0,0.0,0.0,0.0,0.0,0.0,0.0,0.0,0.0,0.0,0.0,1.1002886805236107,100.0,0.0,0.0
USA00114,0.0,0.0,0.0,0.0,0.0,0.0,0.0,0.0,0.0,0.0,0.0,4.466060644541852,0.0,0.0,0.0
USA00115,0.0,0.0,0.0,0.0,0.0,0.0,0.0,0.2,0.0,0.0,0.0,26.273159122592894,0.0,0.0,0.0
USA00118,0.0,0.0,0.0,0.0,0.0,0.0,0.0,0.0,0.0,0.0,0.0,28.871411013236944,0.0,0.0,0.0
USA00120,0.0,0.0,0.0,0.0,0.0,0.0,0.0,0.0,0.0,0.0,0.0,42.635161383304336,0.0,0.0,0.0
USA00124,0.0,0.0,0.0,0.0,0.0,0.0,0.0,0.0,0.0,0.0,0.0,2.3252067143058377,0.0,0.0,0.0
USA00125,0.0,0.0,0.0,0.0,0.0,0.0,0.0,0.0,0.0,0.0,0.0,6.660803281293488,0.0,0.0,0.0
USA00128,0.0,0.0,0.0,0.0,0.0,0.2,0.0,0.2,0.0,0.2,0.0,24.594480856944664,0.0,0.0,0.0
USA00129,0.0,0.0,0.0,0.0,0.0,0.0,0.0,0.0,0.0,0.0,0.0,3.8646927538993823,0.0,100.0,0.0
USA00132,0.0,0.0,0.0,0.0,0.0,0.0,0.0,0.0,0.0,0.0,0.0,6.329288650190127,100.0,0.0,0.0
USA00133,0.0,0.0,0.0,0.0,0.0,0.0,0.0,0.0,0.0,0.0,0.0,11.044010237694788,0.0,0.0,0.0
USA00136,0.0,0.0,0.0,0.0,0.0,0.0,0.0,0.0,0.0,0.0,0.0,10.020474449230601,0.0,0.0,0.0
USA00139,0.0,0.0,0.0,0.0,0.0,0.0,0.0,0.0,0.0,0.0,0.0,25.973313684905207,0.0,0.0,0.0
USA00144,0.0,0.0,0.0,0.0,0.0,0.2,0.0,0.0,0.0,0.2,0.0,7.433600396051952,0.0,0.0,0.0
USA00145,0.0,0.0,0.0,0.0,0.0,0.0,0.0,0.0,0.0,0.0,0.0,11.364448425767742,100.0,0.0,0.0
USA00147,0.0,0.0,0.0,0.0,0.0,0.0,0.0,0.0,0.0,0.0,0.0,22.439255454465158,0.0,0.0,0.0
USA00148,0.0,0.0,0.0,0.0,0.0,0.0,0.0,0.0,0.0,0.0,0.0,12.663933790072992,0.0,0.0,0.0
USA00171,0.0,0.0,0.0,0.0,0.0,0.0,0.0,0.0,0.0,0.0,0.0,4.860862050104517,100.0,0.0,0.0
USA00173,0.0,0.0,0.0,0.0,0.0,0.2,0.0,0.0,0.0,0.2,0.0,3.879125850527423,100.0,0.0,0.0
USA00176,0.0,0.0,0.0,0.0,0.0,0.0,0.0,0.0,0.0,0.0,0.0,2.9927484336298855,0.0,0.0,0.0
USA00179,0.0,0.0,0.0,0.0,0.0,1.0,0.0,0.0,0.0,1.0,0.0,1.4234041085524303,0.0,0.0,0.0
USA00181,0.0,0.0,0.0,0.0,0.0,0.0,0.0,0.0,0.0,0.0,0.0,10.259081012427734,0.0,0.0,0.0
USA00182,0.0,0.0,0.0,0.0,0.0,0.2,0.0,0.0,0.0,0.2,0.0,6.143528297693825,100.0,0.0,0.0
USA00183,0.0,0.0,0.0,0.0,0.0,0.2,0.2,0.0,0.2,0.2,0.0,4.564078474970922,100.0,0.0,0.0
USA00184,0.0,0.0,0.0,0.0,0.0,0.8,0.0,0.0,0.0,0.8,0.6,2.1721647551913263,0.0,0.0,0.0
USA00186,0.0,0.0,0.0,0.0,0.0,0.2,0.0,0.0,0.0,0.2,0.0,7.227423050220078,20.0,80.0,0.0
USA00188,0.0,0.4,0.0,0.0,0.0,0.0,0.0,0.0,0.0,0.0,0.0,12.667605389865114,100.0,0.0,0.0
USA00191,0.0,0.0,0.0,0.0,0.0,0.4,0.0,0.0,0.0,0.4,1.0,5.564540495386995,0.0,0.0,0.0
USA00192,0.0,0.2,0.6,0.0,0.0,0.2,0.0,0.0,0.0,0.2,0.8,4.442285543238624,0.0,0.0,0.0
USA00194,0.0,0.0,0.0,0.0,0.0,0.2,0.0,0.0,0.0,0.2,0.0,4.545513669671983,0.0,0.0,100.0
USA00197,0.0,0.0,0.0,0.0,0.0,0.0,0.0,0.0,0.0,0.0,0.0,13.460316758408112,0.0,0.0,0.0
USA00199,0.0,0.0,0.0,0.0,0.0,0.0,0.0,0.0,0.0,0.0,0.0,5.991915875990101,0.0,0.0,0.0
USA00201,0.0,0.0,0.0,0.0,0.0,0.6,0.0,0.0,0.0,0.6,0.0,11.694515136878568,0.0,0.0,0.0
USA00203,0.0,0.2,0.0,0.0,0.0,0.0,0.0,0.0,0.0,0.0,0.0,8.593153582099918,0.0,0.0,0.0
USA00204,0.0,0.0,0.0,0.0,0.0,0.0,0.0,0.0,0.0,0.0,0.0,2.2448496752177913,0.0,0.0,0.0
USA00209,0.0,0.0,0.0,0.0,0.0,0.0,0.0,0.0,0.0,0.0,0.0,2.1828088058400033,100.0,0.0,0.0
USA00212,0.0,0.0,0.0,0.0,0.0,0.2,0.0,0.0,0.0,0.2,0.0,8.662099303300034,100.0,0.0,0.0
USA00214,0.0,0.0,0.0,0.0,0.0,0.0,0.0,0.0,0.0,0.0,0.0,6.878957900267617,100.0,0.0,0.0
USA00219,0.0,0.0,0.0,0.0,0.0,0.0,0.0,0.0,0.0,0.0,0.0,5.7622339995550345,100.0,0.0,0.0
USA00220,0.0,0.0,0.0,0.0,0.0,0.6,0.0,0.0,0.0,0.6,0.0,1.7543026713353487,100.0,0.0,0.0
USA00238,0.0,0.0,0.0,0.0,0.0,0.2,0.0,0.0,0.0,0.2,0.0,16.39954931977333,0.0,0.0,0.0
USA00240,0.0,0.0,0.0,0.0,0.0,0.0,0.0,0.0,0.0,0.0,0.0,6.415466516120659,60.0,40.0,0.0
USA00242,0.0,0.0,0.0,0.0,0.0,0.0,0.0,0.0,0.0,0.0,0.0,7.044395747442198,100.0,0.0,0.0
USA00244,0.0,0.0,0.0,0.0,0.0,0.0,0.0,0.0,0.0,0.0,0.0,7.0511351469484564,100.0,0.0,0.0
USA00246,0.0,0.0,0.0,0.0,0.0,0.0,0.0,0.0,0.0,0.0,0.0,0.7232067054229935,0.0,0.0,0.0
USA00247,0.0,0.0,0.0,0.0,0.0,0.0,0.0,0.0,0.0,0.0,0.0,2.283185082419725,100.0,0.0,0.0
USA00248,0.0,0.0,0.0,0.0,0.0,0.0,0.0,0.0,0.0,0.0,0.0,3.4428674031891,80.0,0.0,20.0
USA00250,0.0,0.0,0.0,0.0,0.0,0.0,0.0,0.0,0.0,0.0,0.0,5.3254777577044194,100.0,0.0,0.0
USA00252,0.0,0.0,0.0,0.0,0.0,0.0,0.0,0.0,0.0,0.0,0.0,3.017608213320268,0.0,0.0,0.0
USA00253,0.0,0.0,0.0,0.0,0.0,0.0,0.0,0.0,0.0,0.0,0.0,3.3851875852149953,100.0,0.0,0.0
USA00256,0.0,0.0,0.0,0.0,0.0,0.0,0.0,0.0,0.0,0.0,0.0,3.8326716117722404,0.0,0.0,0.0
USA00258,0.0,0.0,0.0,0.0,0.0,0.0,0.0,0.0,0.0,0.0,0.0,15.07681486607289,0.0,0.0,0.0
USA00259,0.0,0.0,0.0,0.0,0.0,0.0,0.0,0.0,0.0,0.0,0.0,10.336845680513461,0.0,0.0,0.0
USA00260,0.0,0.0,0.0,0.0,0.0,0.0,0.0,0.0,0.0,0.0,0.0,2.850253475327642,0.0,0.0,0.0
USA00266,0.0,0.0,0.0,0.0,0.0,0.0,0.0,0.0,0.0,0.0,0.0,3.3326576888243418,100.0,0.0,0.0
USA00269,0.0,0.0,0.0,0.0,0.0,0.0,0.0,0.0,0.0,0.0,0.0,3.044647279752303,100.0,0.0,0.0
USA00271,0.0,0.0,0.0,0.0,0.0,0.0,0.0,0.0,0.0,0.0,0.0,8.326493126210844,0.0,100.0,0.0
USA00274,0.0,0.0,0.0,0.0,0.0,0.0,0.0,0.0,0.0,0.0,0.0,20.014508485944056,0.0,0.0,0.0
USA00276,0.0,0.0,0.0,0.0,0.0,0.0,0.0,0.0,0.0,0.0,0.0,8.969236757352286,0.0,0.0,0.0
USA00278,0.0,0.0,0.0,0.0,0.0,0.0,0.0,0.4,0.0,0.0,0.0,2.1329233016261604,0.0,0.0,0.0
USA00279,0.0,0.0,0.0,0.0,0.0,0.0,0.0,0.0,0.0,0.0,0.0,20.266321546850527,0.0,0.0,0.0
USA00280,0.0,0.0,0.0,0.0,0.0,0.0,0.0,0.0,0.0,0.0,0.0,3.5892712292710045,40.0,0.0,60.0
USA00281,0.0,0.0,0.0,0.0,0.0,0.0,0.0,0.0,0.0,0.0,0.0,3.519204846192905,0.0,0.0,0.0
USA00282,0.0,0.0,0.0,0.0,0.0,0.2,0.0,0.0,0.0,0.2,0.0,19.992244075129463,0.0,0.0,0.0
USA00285,0.0,0.0,0.0,0.0,0.0,0.0,0.0,0.4,0.0,0.0,0.0,49.32917322957471,0.0,0.0,0.0
USA00286,0.0,0.0,0.0,0.0,0.0,0.0,0.0,0.2,0.0,0.0,0.0,8.981825882402367,0.0,0.0,100.0
USA00287,0.0,0.0,0.0,0.0,0.0,0.0,0.0,0.2,0.0,0.0,0.0,2.593206251241324,100.0,0.0,0.0
USA00291,0.0,0.0,0.0,0.0,0.0,0.0,0.0,0.0,0.0,0.0,0.0,5.889867621771943,0.0,0.0,0.0
USA00295,0.0,0.0,0.0,0.0,0.0,0.0,0.0,0.0,0.0,0.0,0.0,2.700592327044172,0.0,0.0,0.0
USA00299,0.0,0.0,0.0,0.0,0.0,0.0,0.0,0.0,0.0,0.0,0.0,21.18833293587524,0.0,0.0,0.0
USA00301,0.0,0.0,0.0,0.0,0.0,0.0,0.0,0.0,0.0,0.0,0.0,45.80872191728938,0.0,0.0,0.0
USA00303,0.0,0.0,0.0,0.0,0.0,0.0,0.0,0.0,0.0,0.0,0.0,34.5966810417465,0.0,0.0,0.0
USA00304,0.0,0.0,0.0,0.0,0.0,0.0,0.0,0.0,0.0,0.0,0.0,17.48902073369809,100.0,0.0,0.0
USA00305,0.0,0.0,0.0,0.0,0.0,0.0,0.0,0.0,0.0,0.0,0.0,5.2265606184342275,0.0,0.0,0.0
USA00312,0.0,0.0,0.0,0.0,0.0,0.2,0.0,0.0,0.0,0.2,0.0,5.9763697020513415,100.0,0.0,0.0
USA00327,0.0,0.0,0.0,0.0,0.0,0.0,0.0,0.0,0.0,0.0,0.0,16.61642916629919,0.0,0.0,0.0
USA00334,0.0,0.0,0.0,0.0,0.0,0.0,0.0,0.0,0.0,0.0,0.0,27.428983459574262,100.0,0.0,0.0
USA00336,0.0,0.0,0.0,0.0,0.0,0.0,0.0,0.0,0.0,0.0,0.0,31.2678587180428,0.0,0.0,0.0
USA00341,0.0,0.0,0.0,0.0,0.0,0.0,0.0,0.0,0.0,0.0,0.0,9.144308636777206,100.0,0.0,0.0
USA00344,0.0,0.0,0.0,0.0,0.0,0.0,0.0,0.0,0.0,0.0,0.0,16.342239894644703,0.0,0.0,0.0
USA00345,0.0,0.0,0.0,0.0,0.0,0.0,0.0,0.0,0.0,0.0,0.0,3.004183121051939,100.0,0.0,0.0
USA00347,0.0,0.0,0.0,0.0,0.0,0.0,0.0,0.0,0.0,0.0,0.0,9.750703113517917,100.0,0.0,0.0
USA00350,0.0,0.0,0.0,0.0,0.0,0.0,0.0,0.0,0.0,0.0,0.0,3.8320326881504614,0.0,0.0,100.0
USA00351,0.0,0.0,0.0,0.0,0.0,0.0,0.0,0.0,0.0,0.0,0.0,18.49673404449694,0.0,0.0,0.0
USA00353,0.0,0.0,0.0,0.0,0.0,0.0,0.0,0.0,0.0,0.0,0.0,2.837682088246325,0.0,0.0,0.0
USA00356,0.0,0.0,0.0,0.0,0.0,0.0,0.0,0.0,0.0,0.0,0.0,12.157219456406043,0.0,0.0,0.0
USA00357,0.0,0.2,0.0,0.0,0.0,0.0,0.0,0.0,0.0,0.0,0.0,11.165222317369563,0.0,0.0,0.0
USA00358,0.0,0.0,0.0,0.0,0.0,0.0,0.0,0.0,0.0,0.0,0.0,4.564031896454019,0.0,0.0,0.0
USA00359,0.0,0.0,0.0,0.0,0.0,0.0,0.0,0.0,0.0,0.0,0.0,3.1001352586344373,0.0,0.0,0.0
USA00360,0.0,0.0,0.0,0.0,0.0,0.0,0.0,0.0,0.0,0.0,0.0,2.367388777119069,0.0,0.0,0.0
USA00363,0.0,0.0,0.0,0.0,0.0,0.0,0.0,0.0,0.0,0.0,0.0,4.3857006198821775,0.0,0.0,0.0
USA00364,0.0,0.0,0.0,0.0,0.0,0.0,0.0,0.0,0.0,0.0,0.0,4.2568756913341605,0.0,0.0,0.0
USA00366,0.0,0.0,0.0,0.0,0.0,0.0,0.0,0.0,0.0,0.0,0.0,7.93537206139248,0.0,0.0,0.0
USA00368,0.0,0.0,0.0,0.0,0.0,0.0,0.0,0.0,0.0,0.0,0.0,3.10265401168214,80.0,20.0,0.0
USA00372,0.0,0.0,0.0,0.0,0.0,0.0,0.0,0.0,0.0,0.0,0.0,2.170654712338676,0.0,0.0,0.0
USA00374,0.0,0.0,0.0,0.0,0.0,0.0,0.0,0.8,0.0,0.0,0.0,10.981820798825401,0.0,0.0,0.0
USA00376,0.0,0.0,0.2,0.0,0.0,0.0,0.0,0.0,0.0,0.0,0.2,6.771162486116504,0.0,0.0,0.0
USA00379,0.0,0.0,0.0,0.0,0.0,0.0,0.0,0.2,0.0,0.0,0.0,0.3497996310897703,0.0,100.0,0.0
USA00381,0.0,0.0,0.0,0.0,0.0,0.0,0.0,0.0,0.0,0.0,0.0,7.859659989160988,0.0,0.0,0.0
USA00383,0.0,0.2,0.2,0.0,0.0,0.0,0.6,0.0,0.6,0.0,0.0,3.3574637451635936,0.0,0.0,0.0
USA00385,0.0,0.8,0.2,0.0,0.0,0.0,0.0,0.0,0.0,0.0,0.0,0.9832581859089371,0.0,0.0,0.0
USA00387,0.0,0.2,0.0,0.0,0.0,0.0,0.2,0.4,0.2,0.0,0.0,9.401297937701747,0.0,0.0,0.0
USA00388,0.0,0.0,0.0,0.0,0.0,0.0,0.0,0.0,0.0,0.0,0.0,6.002511958939662,0.0,0.0,0.0
USA00389,0.0,0.4,0.0,0.0,0.0,0.0,0.2,0.0,0.2,0.0,0.0,6.798531107723145,0.0,0.0,0.0
USA00391,0.0,0.0,0.0,0.0,0.0,0.0,0.0,0.0,0.0,0.0,0.0,2.121008225367926,100.0,0.0,0.0
USA00396,0.0,0.0,0.0,0.0,0.0,0.0,0.0,0.0,0.0,0.0,0.0,4.396330797540862,100.0,0.0,0.0
USA00398,0.0,0.0,0.0,0.0,0.0,0.0,0.0,0.0,0.0,0.0,0.0,5.867400722640295,0.0,0.0,0.0
USA00401,0.0,0.0,0.0,0.0,0.0,0.0,0.0,0.0,0.0,0.0,0.0,3.7812563999089215,100.0,0.0,0.0
USA00402,0.0,0.0,0.0,0.0,0.0,0.4,0.0,0.0,0.0,0.4,0.0,2.9150970654151265,100.0,0.0,0.0
USA00404,0.0,0.0,0.0,0.0,0.2,0.2,0.0,0.0,0.0,0.2,0.0,1.0947091923721504,60.0,40.0,0.0
USA00405,0.0,0.0,0.0,0.0,0.0,0.0,0.0,0.0,0.0,0.0,0.0,4.184889753721153,0.0,0.0,0.0
USA00408,0.0,0.0,0.2,0.0,0.0,0.0,0.0,0.2,0.0,0.0,0.2,3.3514871488100817,100.0,0.0,0.0
USA00409,0.0,0.0,0.0,0.4,0.0,0.0,0.0,0.0,0.0,0.0,0.0,1.6636707931673267,100.0,0.0,0.0
USA00410,0.0,0.0,0.0,0.0,0.0,0.0,0.0,0.0,0.0,0.0,0.0,7.412110275262336,0.0,0.0,0.0
USA00413,0.0,0.0,0.0,0.0,0.0,0.0,0.0,0.0,0.0,0.0,0.0,1.557788817584272,100.0,0.0,0.0
USA00415,0.0,0.0,0.0,0.0,0.0,0.0,0.0,0.0,0.0,0.0,0.0,1.7983363464607531,100.0,0.0,0.0
USA00416,0.0,0.0,0.0,0.0,0.0,0.0,0.0,0.0,0.0,0.0,0.0,2.885334772467294,100.0,0.0,0.0
USA00423,0.0,0.0,0.0,0.0,0.0,0.0,0.0,0.0,0.0,0.0,0.0,11.285814159986442,0.0,100.0,0.0
USA00424,0.0,0.0,0.0,0.0,0.0,0.0,0.0,0.0,0.0,0.0,0.0,4.94587204452259,100.0,0.0,0.0
USA00425,0.0,0.0,0.0,0.0,0.0,0.0,0.0,0.0,0.0,0.0,0.0,10.703350616476483,100.0,0.0,0.0
USA00426,0.0,0.0,0.0,0.0,0.0,0.0,0.0,0.0,0.0,0.0,0.0,6.1050031947748,0.0,0.0,0.0
USA00427,0.0,0.0,0.0,0.0,0.0,0.0,0.0,0.0,0.0,0.0,0.0,5.202452244731037,0.0,0.0,0.0
USA00428,0.0,0.0,0.0,0.0,0.4,0.0,0.0,0.0,0.0,0.0,0.0,11.576409305639427,0.0,0.0,0.0
USA00431,0.0,0.0,0.0,0.0,0.0,0.0,0.0,0.0,0.0,0.0,0.0,1.5163705752987782,0.0,100.0,0.0
USA00432,0.0,0.0,0.0,0.0,0.0,0.0,0.0,0.0,0.0,0.0,0.0,19.21529022921784,0.0,0.0,0.0
USA00433,0.0,0.0,0.0,0.0,0.0,0.0,0.0,0.0,0.0,0.0,0.0,11.85235337199191,0.0,0.0,0.0
USA00434,0.0,0.0,0.0,0.0,0.0,0.0,0.0,0.0,0.0,0.0,0.0,2.3440572115857994,80.0,0.0,20.0
USA00437,0.0,0.0,0.0,0.0,0.0,0.0,0.0,0.0,0.0,0.0,0.0,6.040895937405748,60.0,0.0,40.0
USA00439,0.0,0.0,0.0,0.0,0.0,0.0,0.0,0.0,0.0,0.0,0.0,1.3040782709907082,0.0,0.0,0.0
USA00444,0.0,0.0,0.0,0.0,0.0,0.0,0.0,0.0,0.0,0.0,0.0,2.4993585383145307,100.0,0.0,0.0
USA00446,0.0,0.0,0.0,0.0,0.0,0.0,0.0,0.0,0.0,0.0,0.0,4.1597583005467325,100.0,0.0,0.0
USA00448,0.0,0.0,0.0,0.0,0.0,0.0,0.0,0.0,0.0,0.0,0.0,3.343858866921244,0.0,0.0,0.0
USA00462,0.0,0.0,0.0,0.0,0.0,0.0,0.0,0.0,0.0,0.0,0.0,7.664569349441908,0.0,0.0,0.0
USA00464,0.0,0.0,0.0,0.0,0.0,0.0,0.0,0.0,0.0,0.0,0.0,7.804815185666224,0.0,0.0,0.0
USA00469,0.0,0.0,0.0,0.0,0.0,0.0,0.0,0.0,0.0,0.0,0.0,2.553144736813489,100.0,0.0,0.0
USA00470,0.0,0.0,0.0,0.0,0.0,0.0,0.0,0.0,0.0,0.0,0.0,4.242000848458514,0.0,0.0,0.0
USA00474,0.0,0.0,0.0,0.0,0.0,0.0,0.0,0.0,0.0,0.0,0.0,8.467547770418232,0.0,100.0,0.0
USA00475,0.0,0.0,0.0,0.0,0.0,0.0,0.0,0.0,0.0,0.0,0.0,6.826624776793418,0.0,0.0,0.0
USA00477,0.0,0.0,0.0,0.0,0.0,0.0,0.0,0.0,0.0,0.0,0.0,3.062639933396148,0.0,100.0,0.0
USA00478,0.0,0.0,0.0,0.0,0.0,0.0,0.0,0.0,0.0,0.0,0.0,1.232419925209238,0.0,100.0,0.0
USA00479,0.0,0.0,0.0,0.0,0.2,0.2,0.0,0.0,0.0,0.2,0.0,4.4859683842223355,0.0,0.0,0.0
USA00482,0.0,0.0,0.0,0.0,0.0,0.0,0.0,0.0,0.0,0.0,0.0,2.7977649711198316,0.0,0.0,0.0
USA00484,0.0,0.0,0.0,0.0,0.0,0.0,0.0,0.0,0.0,0.0,0.0,3.462920537993748,0.0,0.0,0.0
USA00487,0.0,0.0,0.0,0.0,0.0,0.0,0.0,0.0,0.0,0.0,0.0,7.037119450640313,0.0,0.0,0.0
USA00494,0.0,0.0,0.0,0.0,0.0,0.0,0.0,0.0,0.0,0.0,0.0,1.1667310714983525,100.0,0.0,0.0
USA00495,0.0,0.0,0.0,0.0,0.0,0.0,0.0,0.0,0.0,0.0,0.0,2.328304287267856,100.0,0.0,0.0
USA00506,0.0,0.0,0.0,0.0,0.0,0.0,0.0,0.0,0.0,0.0,0.0,8.983369637951402,0.0,0.0,0.0
USA00508,0.0,0.0,0.0,0.0,0.0,0.0,0.0,0.0,0.0,0.0,0.0,0.9971399525409541,0.0,0.0,0.0
USA00509,0.0,0.0,0.0,0.0,0.0,0.8,0.0,0.0,0.0,0.8,0.0,4.712561749474622,0.0,0.0,0.0
USA00513,0.0,0.0,0.2,0.0,0.0,0.0,0.0,0.0,0.0,0.0,0.0,12.255035406172208,0.0,0.0,0.0
USA00515,0.0,0.0,0.0,0.0,0.0,0.0,0.0,0.0,0.0,0.0,0.0,1.9468663069122307,60.0,40.0,0.0
USA00516,0.0,0.0,0.0,0.0,0.0,0.2,0.0,0.0,0.0,0.2,0.0,9.778781477072924,0.0,100.0,0.0
USA00517,0.0,0.0,0.0,0.0,0.0,0.0,0.0,0.0,0.0,0.0,0.0,28.91093275685111,0.0,0.0,0.0
USA00518,0.0,0.4,0.0,0.0,0.0,0.4,0.0,0.0,0.0,0.4,0.0,2.140211633650702,100.0,0.0,0.0
USA00519,0.0,0.0,0.0,0.0,0.0,0.0,0.0,0.0,0.0,0.0,0.0,20.98276499563766,0.0,0.0,0.0
USA00520,0.0,0.0,0.0,0.0,0.0,0.0,0.0,0.0,0.0,0.0,0.0,6.335841719709592,0.0,0.0,0.0
USA00521,0.0,0.0,0.0,0.0,0.0,0.0,0.0,0.0,0.0,0.0,0.0,1.9348606750933706,100.0,0.0,0.0
USA00522,0.0,0.0,0.0,0.0,0.0,0.0,0.0,0.0,0.0,0.0,0.0,4.553885399618234,0.0,0.0,0.0
USA00523,0.0,0.0,0.0,0.0,0.0,0.0,0.0,0.0,0.0,0.0,0.0,4.588216430007123,100.0,0.0,0.0
USA00524,0.0,0.0,0.0,0.0,0.0,0.0,0.0,0.0,0.0,0.0,0.0,0.7971143725296015,100.0,0.0,0.0
USA00525,0.0,0.0,0.0,0.0,0.0,0.0,0.0,0.0,0.0,0.0,0.0,9.34863827876372,0.0,0.0,0.0
USA00526,0.0,0.0,0.0,0.0,0.0,0.0,0.0,0.0,0.0,0.0,0.0,2.7750017248992966,60.0,0.0,40.0
USA00527,0.0,0.0,0.0,0.0,0.0,0.0,0.0,0.0,0.0,0.0,0.0,2.9692947702369885,0.0,0.0,0.0
USA00528,0.0,0.0,0.0,0.0,0.0,0.0,0.0,0.0,0.0,0.0,0.0,3.0249779390652,100.0,0.0,0.0
USA00529,0.0,0.0,0.0,0.0,0.0,0.0,0.0,0.0,0.0,0.0,0.0,24.609658695663562,0.0,0.0,0.0
USA00530,0.0,0.0,0.0,0.0,0.0,0.0,0.0,0.0,0.0,0.0,0.0,5.536436533395515,100.0,0.0,0.0
USA00531,0.0,0.0,0.0,0.0,0.0,0.0,0.0,0.0,0.0,0.0,0.0,20.44563957472881,0.0,0.0,0.0
USA00532,0.0,0.0,0.0,0.0,0.0,0.0,0.0,0.0,0.0,0.0,0.0,6.889176061427537,100.0,0.0,0.0
USA00533,0.0,0.0,0.0,0.0,0.0,0.0,0.0,0.0,0.0,0.0,0.0,3.4891678629325726,0.0,0.0,0.0
USA00534,0.0,0.0,0.0,0.0,0.0,0.4,0.0,0.0,0.0,0.4,0.0,9.492605209615224,100.0,0.0,0.0
USA00535,0.0,0.0,0.0,0.0,0.0,0.0,0.6,0.0,0.6,0.0,0.0,5.05439496495316,0.0,0.0,0.0
USA00536,0.0,0.8,0.6,0.0,0.0,0.0,0.2,0.2,0.2,0.0,0.8,56.30108459142209,0.0,0.0,0.0
USA00537,0.0,0.0,0.0,0.0,0.0,0.0,0.2,0.0,0.2,0.0,0.0,29.113634486441395,0.0,0.0,0.0
USA00538,0.0,0.0,0.0,0.0,0.0,0.0,0.0,0.0,0.0,0.0,0.0,7.266405648917813,0.0,0.0,0.0
USA00539,0.0,0.0,0.2,0.0,0.0,0.0,0.2,0.0,0.2,0.0,0.4,11.353545261699429,0.0,0.0,0.0
USA00540,0.2,0.0,0.0,0.2,0.0,0.0,0.0,0.0,0.0,0.0,0.0,15.271363913483333,0.0,0.0,0.0
USA00541,0.0,0.0,0.0,0.0,0.0,0.0,0.0,0.0,0.0,0.0,0.0,4.147769560227896,0.0,0.0,0.0
USA00542,0.0,0.0,0.0,0.0,0.2,0.0,0.2,0.0,0.2,0.0,0.0,36.286289382735035,20.0,0.0,80.0
USA00543,0.0,0.0,0.0,0.0,0.0,0.0,0.4,0.0,0.4,0.0,0.0,14.071357283014436,0.0,0.0,0.0
USA00544,0.0,0.0,0.0,0.0,0.0,0.0,0.0,0.0,0.0,0.0,0.0,39.56496532482881,0.0,0.0,0.0
USA00545,0.0,0.0,0.0,0.0,0.0,0.0,0.0,0.0,0.0,0.0,0.0,7.30254363143195,0.0,0.0,0.0
USA00546,0.0,0.2,0.2,0.0,0.4,0.0,0.0,0.0,0.0,0.0,0.2,4.340909794463835,0.0,0.0,0.0
USA00547,0.0,0.0,0.0,0.0,0.0,0.0,0.0,0.0,0.0,0.0,0.0,13.450928297917528,0.0,0.0,0.0
USA00548,0.0,0.0,0.0,0.0,0.0,0.0,0.0,0.0,0.0,0.0,0.0,4.972180632444491,0.0,0.0,0.0
USA00549,0.0,0.0,0.0,0.0,0.0,0.0,0.0,0.0,0.0,0.0,0.0,52.342000402033634,0.0,0.0,0.0
USA00550,0.0,0.2,0.0,0.0,0.0,0.2,0.0,0.0,0.0,0.2,0.2,6.968004456982092,0.0,0.0,0.0
USA00551,0.0,0.0,0.0,0.0,0.0,0.0,0.0,0.0,0.0,0.0,0.0,6.710310414822187,100.0,0.0,0.0
USA00552,0.0,0.0,0.0,0.2,0.0,0.0,0.0,0.4,0.0,0.0,0.0,1.3486480511474976,0.0,0.0,0.0
USA00553,0.0,0.0,0.0,0.0,0.2,0.0,0.0,0.0,0.0,0.0,0.0,8.0888800820274,0.0,0.0,0.0
USA00554,0.0,0.6,0.0,0.2,0.0,0.0,0.0,0.0,0.0,0.0,0.0,7.34936637638543,0.0,0.0,0.0
USA00555,0.0,0.0,0.0,0.0,0.0,0.0,0.0,0.0,0.0,0.0,0.0,16.63639143953774,0.0,0.0,0.0
USA00556,0.0,0.0,0.0,0.0,0.0,0.0,0.0,0.0,0.0,0.0,0.0,10.114318697759645,0.0,100.0,0.0
USA00557,0.0,0.0,0.0,0.0,0.0,0.0,0.0,0.0,0.0,0.0,0.0,6.076126580170059,0.0,0.0,0.0
USA00558,0.0,0.8,0.4,0.0,0.0,0.0,0.0,0.0,0.0,0.0,0.4,4.6275605547826855,0.0,0.0,0.0
USA00559,0.0,0.0,0.2,0.0,0.0,0.0,0.0,0.0,0.0,0.0,0.0,3.800885953214864,100.0,0.0,0.0
USA00560,0.0,0.0,0.0,0.0,0.0,0.0,0.0,0.0,0.0,0.0,0.0,12.579325894726919,0.0,0.0,0.0
USA00561,0.0,0.0,0.0,0.0,0.0,0.0,0.0,0.0,0.0,0.0,0.0,14.379509959351182,0.0,0.0,0.0
USA00563,0.0,0.0,0.0,0.0,0.0,0.0,0.0,0.0,0.0,0.0,0.0,4.46051682934431,0.0,100.0,0.0
USA00564,0.0,0.0,0.0,0.0,0.0,0.0,0.0,0.0,0.0,0.0,0.0,8.474956258434643,0.0,100.0,0.0
USA00565,0.0,0.0,0.0,0.0,0.0,0.0,0.0,0.0,0.0,0.0,0.0,11.48720098493824,0.0,0.0,0.0
USA00566,0.0,0.0,0.0,0.0,0.0,0.0,0.0,0.0,0.0,0.0,0.0,16.202769193846922,100.0,0.0,0.0
USA00567,0.0,0.0,0.0,0.0,0.0,0.0,0.0,0.0,0.0,0.0,0.0,7.327330144075292,0.0,0.0,0.0
USA00568,0.0,0.0,0.0,0.0,0.0,0.0,0.0,0.0,0.0,0.0,0.0,11.442530595193809,0.0,100.0,0.0
USA00569,0.0,0.0,0.0,0.0,0.0,0.0,0.0,0.0,0.0,0.0,0.0,17.124996322127878,100.0,0.0,0.0
USA00570,0.0,0.0,0.0,0.0,0.0,0.0,0.0,0.0,0.0,0.0,0.0,13.226854502867582,100.0,0.0,0.0
USA00571,0.0,0.0,0.0,0.0,0.0,0.0,0.0,0.0,0.0,0.0,0.0,9.160899021180924,100.0,0.0,0.0
USA00572,0.0,0.0,0.0,0.0,0.0,0.0,0.0,0.0,0.0,0.0,0.0,5.13971592219718,0.0,0.0,0.0
USA00573,0.0,0.0,0.0,0.0,0.0,0.0,0.0,0.0,0.0,0.0,0.0,6.046003473827666,0.0,0.0,0.0
USA00574,0.0,0.6,0.0,0.0,0.0,0.0,0.0,0.0,0.0,0.0,0.0,16.53053251964847,0.0,0.0,0.0
USA00575,0.0,0.0,0.0,0.0,0.0,0.0,0.0,0.0,0.0,0.0,0.0,6.783077346509343,100.0,0.0,0.0
USA00576,0.0,0.0,0.0,0.0,0.0,0.0,0.0,0.0,0.0,0.0,0.0,3.80893795239142,0.0,0.0,0.0
USA00577,0.0,0.0,0.0,0.0,0.0,0.0,0.0,0.0,0.0,0.0,0.0,6.02550446122014,0.0,0.0,0.0
USA00578,0.0,0.0,0.0,0.0,0.0,0.4,0.0,0.0,0.0,0.4,0.2,4.43932062767607,0.0,0.0,0.0
USA00579,0.0,0.0,0.0,0.0,0.0,0.0,0.0,0.0,0.0,0.0,0.0,2.673127309974989,0.0,0.0,0.0
USA00580,0.0,0.0,0.0,0.0,0.0,0.0,0.0,0.0,0.0,0.0,0.0,17.7897949964191,50.0,50.0,0.0
USA00581,0.0,0.0,0.0,0.0,0.0,0.0,0.0,0.0,0.0,0.0,0.0,16.655951662781032,0.0,0.0,0.0
USA00582,0.0,0.0,0.0,0.0,0.0,0.0,0.0,0.0,0.0,0.0,0.0,14.440971060608996,100.0,0.0,0.0
USA00583,0.0,0.2,0.0,0.0,0.0,0.0,0.0,0.0,0.0,0.0,0.0,18.80183745227164,0.0,0.0,0.0
USA00584,0.0,0.0,0.0,0.0,0.0,0.0,0.0,0.2,0.0,0.0,0.0,9.018259381974474,0.0,0.0,100.0
USA00585,0.0,0.0,0.0,0.0,0.0,0.0,0.0,0.0,0.0,0.0,0.0,12.013738846593615,100.0,0.0,0.0
USA00586,0.0,0.0,0.0,0.0,0.0,0.0,0.0,0.0,0.0,0.0,0.0,19.690893686175194,60.0,40.0,0.0
USA00587,0.0,0.0,0.0,0.0,0.0,0.0,0.0,0.0,0.0,0.0,0.0,8.69016557970798,0.0,100.0,0.0
USA00588,0.0,0.0,0.0,0.0,0.0,0.0,0.0,0.0,0.0,0.0,0.0,1.794559524844333,100.0,0.0,0.0
USA00589,0.0,0.0,0.0,0.0,0.0,0.2,0.0,0.0,0.0,0.2,0.0,19.18137071174278,0.0,0.0,0.0
USA00590,0.0,0.0,0.0,0.0,0.0,0.0,0.0,0.0,0.0,0.0,0.0,5.795241753386066,0.0,0.0,0.0
USA00591,0.0,0.0,0.0,0.0,0.0,0.0,0.0,0.0,0.0,0.0,0.0,4.048091288923742,0.0,0.0,0.0
USA00592,0.0,0.0,0.0,0.0,0.0,0.0,0.0,0.0,0.0,0.0,0.0,6.5389526044103645,100.0,0.0,0.0
USA00593,0.0,0.0,0.0,0.0,0.0,0.4,0.0,0.0,0.0,0.4,0.0,2.3404460587014038,0.0,0.0,0.0
USA00594,0.0,0.0,0.0,0.0,0.0,0.0,0.0,0.0,0.0,0.0,0.0,2.0857685603425473,100.0,0.0,0.0
USA00595,0.0,0.0,0.0,0.0,0.0,0.0,0.0,0.0,0.0,0.0,0.0,2.241597273234196,100.0,0.0,0.0
USA00596,0.0,0.0,0.0,0.0,0.0,0.0,0.0,0.0,0.0,0.0,0.0,1.9717172756729737,100.0,0.0,0.0
USA00597,0.0,0.0,0.0,0.0,0.0,0.2,0.0,0.0,0.0,0.2,0.0,22.14754461528677,0.0,0.0,0.0
USA00598,0.0,0.2,0.0,0.0,0.0,0.2,0.2,0.0,0.2,0.2,0.0,7.882585565879862,0.0,0.0,0.0
USA00599,0.0,0.0,0.0,0.0,0.0,0.0,0.0,0.0,0.0,0.0,0.0,16.056588759327973,100.0,0.0,0.0
USA00600,0.0,0.0,0.0,0.0,0.0,0.0,0.0,0.0,0.0,0.0,0.0,12.696673337917748,0.0,0.0,0.0
USA00601,0.0,0.2,0.6,0.0,0.0,0.0,0.0,0.0,0.0,0.0,0.2,1.5130088570040725,100.0,0.0,0.0
USA00602,0.0,0.0,0.0,0.0,0.0,0.0,0.8,0.0,0.8,0.0,0.0,0.2870311003647262,0.0,0.0,0.0
USA00603,0.0,0.6,0.2,0.0,0.0,0.0,0.0,0.0,0.0,0.0,0.2,11.254483489798746,0.0,0.0,0.0
USA00604,0.0,0.0,0.0,0.0,0.0,0.0,0.0,0.0,0.0,0.0,0.0,1.2545834476225854,0.0,0.0,0.0
USA00605,0.0,0.0,0.0,0.0,0.0,0.0,0.0,0.0,0.0,0.0,0.0,2.60129050550288,100.0,0.0,0.0
USA00606,0.0,0.0,0.0,0.0,0.0,0.8,0.2,0.0,0.2,0.8,0.0,1.5870003354956719,0.0,0.0,0.0
USA00607,0.0,0.0,0.0,0.0,0.0,0.0,0.0,0.2,0.0,0.0,0.0,14.106154742861705,0.0,0.0,0.0
